{"name":"Smart Fish Care","short_name":"SmartFish","description":"Your ultimate companion for thriving happy fish. Stay on top of water quality, feeding schedules, and more.","start_url":"/android-installation/","display":"standalone","background_color":"#0b1020","theme_color":"#7c5cff","orientation":"portrait-primary","icons":[{"src":"/icon-192.png","sizes":"192x192","type":"image/png","purpose":"any maskable"},{"src":"/icon-512.png","sizes":"512x512","type":"image/png","purpose":"any maskable"}],"categories":["productivity","utilities"],"screenshots":[],"shortcuts":[{"name":"Dashboard","short_name":"Dashboard","description":"View your dashboard","url":"/dashboard","icons":[{"src":"/icon-192.png","sizes":"192x192"}]}]}